{"cameraMode":{"drawMode":0,"name":"Shaded","section":"Shading Mode"},"sceneLighting":true,"audioPlay":false,"sceneViewState":{"m_AlwaysRefresh":false,"showFog":true,"showSkybox":true,"showFlares":true,"showImageEffects":true,"showParticleSystems":true,"showVisualEffectGraphs":true,"m_FxEnabled":true},"in2DMode":false,"pivot":{"x":-8.754853248596192,"y":-20.323877334594728,"z":-52.492713928222659},"rotation":{"x":0.01924087107181549,"y":-0.9725203514099121,"z":0.21523898839950562,"w":0.08688424527645111},"size":32.62111282348633,"orthographic":false}